<?xml version="1.0"?>
<!--<!DOCTYPE metadata SYSTEM "http://www.esri.com/metadata/esriprof80.dtd">-->
<metadata xml:lang="pt"><Esri><MetaID>{AC5CF27E-680A-4A71-9A24-124D8EC91CA5}</MetaID><CreaDate>20150314</CreaDate><CreaTime>12482800</CreaTime><SyncOnce>FALSE</SyncOnce><DataProperties><lineage><Process ToolSource="C:\Program Files (x86)\ArcGIS\ArcToolbox\Toolboxes\Data Management Tools.tbx\Append" Date="20150314" Time="124828">Append 'Database Connections\Producao - dbgeosirgas931@SDF154@sigareas DC.sde\DBGEOSIRGAS931.SIGAREAS.dataset_DNPMGEO_sirgas2000\DBGEOSIRGAS931.SIGAREAS.PROCESSOS_ATIVOS_H_sirgas2000' "Database Connections\Producao - dbgeosirgas931@SDF154@sigareas DC.sde\DBGEOSIRGAS931.SIGAREAS.PROCESSOS_ATIVOS" NO_TEST "ID 'ID' true false false 38 Long 0 0 ,First,#,Database Connections\Producao - dbgeosirgas931@SDF154@sigareas DC.sde\DBGEOSIRGAS931.SIGAREAS.dataset_DNPMGEO_sirgas2000\DBGEOSIRGAS931.SIGAREAS.PROCESSOS_ATIVOS_H_sirgas2000,ID,-1,-1;NumeroProcesso 'NumeroProcesso' true false false 4 Long 0 10 ,First,#,Database Connections\Producao - dbgeosirgas931@SDF154@sigareas DC.sde\DBGEOSIRGAS931.SIGAREAS.dataset_DNPMGEO_sirgas2000\DBGEOSIRGAS931.SIGAREAS.PROCESSOS_ATIVOS_H_sirgas2000,NumeroProcesso,-1,-1;AnoProcesso 'AnoProcesso' true false false 4 Long 0 10 ,First,#,Database Connections\Producao - dbgeosirgas931@SDF154@sigareas DC.sde\DBGEOSIRGAS931.SIGAREAS.dataset_DNPMGEO_sirgas2000\DBGEOSIRGAS931.SIGAREAS.PROCESSOS_ATIVOS_H_sirgas2000,AnoProcesso,-1,-1;AreaHA 'AreaHA' true false false 8 Double 8 38 ,First,#,Database Connections\Producao - dbgeosirgas931@SDF154@sigareas DC.sde\DBGEOSIRGAS931.SIGAREAS.dataset_DNPMGEO_sirgas2000\DBGEOSIRGAS931.SIGAREAS.PROCESSOS_ATIVOS_H_sirgas2000,AreaHA,-1,-1;CotaMinima 'CotaMinima' true false false 8 Double 8 38 ,First,#,Database Connections\Producao - dbgeosirgas931@SDF154@sigareas DC.sde\DBGEOSIRGAS931.SIGAREAS.dataset_DNPMGEO_sirgas2000\DBGEOSIRGAS931.SIGAREAS.PROCESSOS_ATIVOS_H_sirgas2000,CotaMinima,-1,-1;CotaMaxima 'CotaMaxima' true false false 8 Double 8 38 ,First,#,Database Connections\Producao - dbgeosirgas931@SDF154@sigareas DC.sde\DBGEOSIRGAS931.SIGAREAS.dataset_DNPMGEO_sirgas2000\DBGEOSIRGAS931.SIGAREAS.PROCESSOS_ATIVOS_H_sirgas2000,CotaMaxima,-1,-1;NumeroProcessoOrigem 'NumeroProcessoOrigem' true false false 4 Long 0 10 ,First,#,Database Connections\Producao - dbgeosirgas931@SDF154@sigareas DC.sde\DBGEOSIRGAS931.SIGAREAS.dataset_DNPMGEO_sirgas2000\DBGEOSIRGAS931.SIGAREAS.PROCESSOS_ATIVOS_H_sirgas2000,NumeroProcessoOrigem,-1,-1;AnoProcessoOrigem 'AnoProcessoOrigem' true false false 4 Long 0 10 ,First,#,Database Connections\Producao - dbgeosirgas931@SDF154@sigareas DC.sde\DBGEOSIRGAS931.SIGAREAS.dataset_DNPMGEO_sirgas2000\DBGEOSIRGAS931.SIGAREAS.PROCESSOS_ATIVOS_H_sirgas2000,AnoProcessoOrigem,-1,-1;Usuario 'Usuario' true false false 255 Text 0 0 ,First,#,Database Connections\Producao - dbgeosirgas931@SDF154@sigareas DC.sde\DBGEOSIRGAS931.SIGAREAS.dataset_DNPMGEO_sirgas2000\DBGEOSIRGAS931.SIGAREAS.PROCESSOS_ATIVOS_H_sirgas2000,Usuario,-1,-1;SentidoDescricao 'SentidoDescricao' true false false 4 Long 0 10 ,First,#,Database Connections\Producao - dbgeosirgas931@SDF154@sigareas DC.sde\DBGEOSIRGAS931.SIGAREAS.dataset_DNPMGEO_sirgas2000\DBGEOSIRGAS931.SIGAREAS.PROCESSOS_ATIVOS_H_sirgas2000,SentidoDescricao,-1,-1;GDB_FROM_DATE_DNPMGEO 'GDB_FROM_DATE_DNPMGEO' true false false 36 Date 0 0 ,First,#,Database Connections\Producao - dbgeosirgas931@SDF154@sigareas DC.sde\DBGEOSIRGAS931.SIGAREAS.dataset_DNPMGEO_sirgas2000\DBGEOSIRGAS931.SIGAREAS.PROCESSOS_ATIVOS_H_sirgas2000,GDB_FROM_DATE,-1,-1;GDB_TO_DATE_DNPMGEO 'GDB_TO_DATE_DNPMGEO' true false false 36 Date 0 0 ,First,#,Database Connections\Producao - dbgeosirgas931@SDF154@sigareas DC.sde\DBGEOSIRGAS931.SIGAREAS.dataset_DNPMGEO_sirgas2000\DBGEOSIRGAS931.SIGAREAS.PROCESSOS_ATIVOS_H_sirgas2000,GDB_TO_DATE,-1,-1;SHAPE.area 'SHAPE.area' false false true 0 Double 0 0 ,First,#,Database Connections\Producao - dbgeosirgas931@SDF154@sigareas DC.sde\DBGEOSIRGAS931.SIGAREAS.dataset_DNPMGEO_sirgas2000\DBGEOSIRGAS931.SIGAREAS.PROCESSOS_ATIVOS_H_sirgas2000,Shape.area,-1,-1;SHAPE.len 'SHAPE.len' false false true 0 Double 0 0 ,First,#,Database Connections\Producao - dbgeosirgas931@SDF154@sigareas DC.sde\DBGEOSIRGAS931.SIGAREAS.dataset_DNPMGEO_sirgas2000\DBGEOSIRGAS931.SIGAREAS.PROCESSOS_ATIVOS_H_sirgas2000,Shape.len,-1,-1" # "Database Connections\Producao - dbgeosirgas931@SDF154@sigareas DC.sde\DBGEOSIRGAS931.SIGAREAS.PROCESSOS_ATIVOS"</Process><Process ToolSource="C:\Program Files (x86)\ArcGIS\ArcToolbox\Toolboxes\Conversion Tools.tbx\FeatureClassToFeatureClass" Date="20240218" Time="233319">FeatureClassToFeatureClass C:\Projetos\sigmine\gdb_connection\SDF154.DBGEOSIRGAS931.sigareas.sde\DBGEOSIRGAS931.SIGAREAS.PROCESSOS_ATIVOS C:\Projetos\sigmine\dados PROCESSOS_ATIVOS.shp # "PROCESSO 'NumeroProcesso' true false false 11 Text 0 10 ,Join,/,C:\Projetos\sigmine\gdb_connection\SDF154.DBGEOSIRGAS931.sigareas.sde\DBGEOSIRGAS931.SIGAREAS.PROCESSOS_ATIVOS,NumeroProcesso,-1,-1,C:\Projetos\sigmine\gdb_connection\SDF154.DBGEOSIRGAS931.sigareas.sde\DBGEOSIRGAS931.SIGAREAS.PROCESSOS_ATIVOS,AnoProcesso,-1,-1;NUMERO 'NumeroProcesso' true false false 4 Short 0 6 ,First,#,C:\Projetos\sigmine\gdb_connection\SDF154.DBGEOSIRGAS931.sigareas.sde\DBGEOSIRGAS931.SIGAREAS.PROCESSOS_ATIVOS,NumeroProcesso,-1,-1;ANO 'AnoProcesso' true false false 4 Short 0 4 ,First,#,C:\Projetos\sigmine\gdb_connection\SDF154.DBGEOSIRGAS931.sigareas.sde\DBGEOSIRGAS931.SIGAREAS.PROCESSOS_ATIVOS,AnoProcesso,-1,-1;AREA_HA 'AreaHA' true false false 8 Double 8 38 ,First,#,C:\Projetos\sigmine\gdb_connection\SDF154.DBGEOSIRGAS931.sigareas.sde\DBGEOSIRGAS931.SIGAREAS.PROCESSOS_ATIVOS,AreaHA,-1,-1;ID 'ID' true false false 38 Text 0 0 ,First,#,C:\Projetos\sigmine\gdb_connection\SDF154.DBGEOSIRGAS931.sigareas.sde\DBGEOSIRGAS931.SIGAREAS.PROCESSOS_ATIVOS,ID,-1,-1" # C:\Projetos\sigmine\dados\PROCESSOS_ATIVOS.shp</Process><Process ToolSource="C:\Program Files (x86)\ArcGIS\ArcToolbox\Toolboxes\Data Management Tools.tbx\AddField" Date="20240218" Time="233321">AddField C:\Projetos\sigmine\dados\PROCESSOS_ATIVOS.shp FASE TEXT # # 40 # NON_NULLABLE NON_REQUIRED # C:\Projetos\sigmine\dados\PROCESSOS_ATIVOS.shp</Process><Process ToolSource="C:\Program Files (x86)\ArcGIS\ArcToolbox\Toolboxes\Data Management Tools.tbx\Merge" Date="20240218" Time="234419">Merge C:\Projetos\sigmine\dados\PROCESSOS_ATIVOS.shp;C:\Projetos\sigmine\dados\DISPONIBILIDADE.shp C:\Projetos\sigmine\dados\BRASIL.shp "PROCESSO 'PROCESSO' true true false 11 Text 0 0 ,First,#,C:\Projetos\sigmine\dados\PROCESSOS_ATIVOS.shp,PROCESSO,-1,-1,C:\Projetos\sigmine\dados\DISPONIBILIDADE.shp,PROCESSO,-1,-1;NUMERO 'NUMERO' true true false 6 Long 0 6 ,First,#,C:\Projetos\sigmine\dados\PROCESSOS_ATIVOS.shp,NUMERO,-1,-1,C:\Projetos\sigmine\dados\DISPONIBILIDADE.shp,NUMERO,-1,-1;ANO 'ANO' true true false 4 Short 0 4 ,First,#,C:\Projetos\sigmine\dados\PROCESSOS_ATIVOS.shp,ANO,-1,-1,C:\Projetos\sigmine\dados\DISPONIBILIDADE.shp,ANO,-1,-1;AREA_HA 'AREA_HA' true true false 19 Double 8 18 ,First,#,C:\Projetos\sigmine\dados\PROCESSOS_ATIVOS.shp,AREA_HA,-1,-1,C:\Projetos\sigmine\dados\DISPONIBILIDADE.shp,AREA_HA,-1,-1;ID 'ID' true true false 38 Text 0 0 ,First,#,C:\Projetos\sigmine\dados\PROCESSOS_ATIVOS.shp,ID,-1,-1,C:\Projetos\sigmine\dados\DISPONIBILIDADE.shp,ID,-1,-1;FASE 'FASE' true true false 40 Text 0 0 ,First,#,C:\Projetos\sigmine\dados\PROCESSOS_ATIVOS.shp,FASE,-1,-1,C:\Projetos\sigmine\dados\DISPONIBILIDADE.shp,FASE,-1,-1"</Process><Process ToolSource="C:\Program Files (x86)\ArcGIS\ArcToolbox\Toolboxes\Data Management Tools.tbx\AddField" Date="20240218" Time="234422">AddField C:\Projetos\sigmine\dados\BRASIL.shp ULT_EVENTO TEXT # # 90 # NON_NULLABLE NON_REQUIRED # C:\Projetos\sigmine\dados\BRASIL.shp</Process><Process ToolSource="C:\Program Files (x86)\ArcGIS\ArcToolbox\Toolboxes\Data Management Tools.tbx\AddField" Date="20240218" Time="234427">AddField C:\Projetos\sigmine\dados\BRASIL.shp NOME TEXT # # 120 # NON_NULLABLE NON_REQUIRED # C:\Projetos\sigmine\dados\BRASIL.shp</Process><Process ToolSource="C:\Program Files (x86)\ArcGIS\ArcToolbox\Toolboxes\Data Management Tools.tbx\AddField" Date="20240218" Time="234430">AddField C:\Projetos\sigmine\dados\BRASIL.shp SUBS TEXT # # 30 # NON_NULLABLE NON_REQUIRED # C:\Projetos\sigmine\dados\BRASIL.shp</Process><Process ToolSource="C:\Program Files (x86)\ArcGIS\ArcToolbox\Toolboxes\Data Management Tools.tbx\AddField" Date="20240218" Time="234434">AddField C:\Projetos\sigmine\dados\BRASIL.shp USO TEXT # # 30 # NON_NULLABLE NON_REQUIRED # C:\Projetos\sigmine\dados\BRASIL.shp</Process><Process ToolSource="C:\Program Files (x86)\ArcGIS\ArcToolbox\Toolboxes\Data Management Tools.tbx\AddField" Date="20240218" Time="234438">AddField C:\Projetos\sigmine\dados\BRASIL.shp UF TEXT # # 20 # NON_NULLABLE NON_REQUIRED # C:\Projetos\sigmine\dados\BRASIL.shp</Process><Process ToolSource="C:\Program Files (x86)\ArcGIS\ArcToolbox\Toolboxes\Data Management Tools.tbx\AddField" Date="20240218" Time="234443">AddField C:\Projetos\sigmine\dados\BRASIL.shp DSProcesso TEXT # # 12 # NON_NULLABLE NON_REQUIRED # C:\Projetos\sigmine\dados\BRASIL.shp</Process><Process ToolSource="C:\Program Files (x86)\ArcGIS\ArcToolbox\Toolboxes\Data Management Tools.tbx\CalculateField" Date="20240218" Time="234709">CalculateField C:\Projetos\sigmine\dados\BRASIL.shp DSProcesso "str(!NUMERO!).zfill(6)[:3] + "." + str(!NUMERO!).zfill(6)[3:] + "/" + str(!ANO!)" PYTHON_9.3 # C:\Projetos\sigmine\dados\BRASIL.shp</Process><Process ToolSource="C:\Program Files (x86)\ArcGIS\ArcToolbox\Toolboxes\Data Management Tools.tbx\AddSpatialIndex" Date="20240218" Time="235231">AddSpatialIndex C:\Projetos\sigmine\dados\BRASIL.shp 0 0 0 C:\Projetos\sigmine\dados\BRASIL.shp</Process><Process ToolSource="C:\Program Files (x86)\ArcGIS\ArcToolbox\Toolboxes\Data Management Tools.tbx\AddIndex" Date="20240218" Time="235321">AddIndex C:\Projetos\sigmine\dados\BRASIL.shp PROCESSO # NON_UNIQUE NON_ASCENDING C:\Projetos\sigmine\dados\BRASIL.shp</Process><Process ToolSource="C:\Program Files (x86)\ArcGIS\ArcToolbox\Toolboxes\Data Management Tools.tbx\AddIndex" Date="20240218" Time="235349">AddIndex C:\Projetos\sigmine\dados\BRASIL.shp DSProcesso # NON_UNIQUE NON_ASCENDING C:\Projetos\sigmine\dados\BRASIL.shp</Process><Process ToolSource="C:\Program Files (x86)\ArcGIS\ArcToolbox\Toolboxes\Data Management Tools.tbx\SelectLayerByLocation" Date="20240219" Time="001347">SelectLayerByLocation BRASIL INTERSECT DIVISAO_ESTADUAL_ESTENDIDA # NEW_SELECTION BRASIL</Process><Process ToolSource="C:\Program Files (x86)\ArcGIS\ArcToolbox\Toolboxes\Data Management Tools.tbx\SelectLayerByLocation" Date="20240219" Time="002519">SelectLayerByLocation BRASIL INTERSECT DIVISAO_ESTADUAL_ESTENDIDA # NEW_SELECTION BRASIL</Process><Process ToolSource="C:\Program Files (x86)\ArcGIS\ArcToolbox\Toolboxes\Data Management Tools.tbx\SelectLayerByLocation" Date="20240219" Time="002648">SelectLayerByLocation BRASIL INTERSECT DIVISAO_ESTADUAL_ESTENDIDA # NEW_SELECTION BRASIL</Process><Process ToolSource="C:\Program Files (x86)\ArcGIS\ArcToolbox\Toolboxes\Data Management Tools.tbx\SelectLayerByLocation" Date="20240219" Time="002947">SelectLayerByLocation BRASIL INTERSECT DIVISAO_ESTADUAL_ESTENDIDA # NEW_SELECTION BRASIL</Process><Process ToolSource="C:\Program Files (x86)\ArcGIS\ArcToolbox\Toolboxes\Data Management Tools.tbx\SelectLayerByLocation" Date="20240219" Time="003016">SelectLayerByLocation BRASIL INTERSECT DIVISAO_ESTADUAL_ESTENDIDA # NEW_SELECTION BRASIL</Process><Process ToolSource="C:\Program Files (x86)\ArcGIS\ArcToolbox\Toolboxes\Data Management Tools.tbx\SelectLayerByLocation" Date="20240219" Time="005503">SelectLayerByLocation BRASIL INTERSECT DIVISAO_ESTADUAL_ESTENDIDA # NEW_SELECTION BRASIL</Process><Process ToolSource="C:\Program Files (x86)\ArcGIS\ArcToolbox\Toolboxes\Data Management Tools.tbx\SelectLayerByLocation" Date="20240219" Time="005616">SelectLayerByLocation BRASIL INTERSECT DIVISAO_ESTADUAL_ESTENDIDA # NEW_SELECTION BRASIL</Process><Process ToolSource="C:\Program Files (x86)\ArcGIS\ArcToolbox\Toolboxes\Data Management Tools.tbx\SelectLayerByLocation" Date="20240219" Time="005830">SelectLayerByLocation BRASIL INTERSECT DIVISAO_ESTADUAL_ESTENDIDA # NEW_SELECTION BRASIL</Process><Process ToolSource="C:\Program Files (x86)\ArcGIS\ArcToolbox\Toolboxes\Data Management Tools.tbx\SelectLayerByLocation" Date="20240219" Time="005904">SelectLayerByLocation BRASIL INTERSECT DIVISAO_ESTADUAL_ESTENDIDA # NEW_SELECTION BRASIL</Process><Process ToolSource="C:\Program Files (x86)\ArcGIS\ArcToolbox\Toolboxes\Data Management Tools.tbx\SelectLayerByLocation" Date="20240219" Time="010109">SelectLayerByLocation BRASIL INTERSECT DIVISAO_ESTADUAL_ESTENDIDA # NEW_SELECTION BRASIL</Process><Process ToolSource="C:\Program Files (x86)\ArcGIS\ArcToolbox\Toolboxes\Data Management Tools.tbx\SelectLayerByLocation" Date="20240219" Time="010207">SelectLayerByLocation BRASIL INTERSECT DIVISAO_ESTADUAL_ESTENDIDA # NEW_SELECTION BRASIL</Process><Process ToolSource="C:\Program Files (x86)\ArcGIS\ArcToolbox\Toolboxes\Data Management Tools.tbx\SelectLayerByLocation" Date="20240219" Time="010247">SelectLayerByLocation BRASIL INTERSECT DIVISAO_ESTADUAL_ESTENDIDA # NEW_SELECTION BRASIL</Process><Process ToolSource="C:\Program Files (x86)\ArcGIS\ArcToolbox\Toolboxes\Data Management Tools.tbx\SelectLayerByLocation" Date="20240219" Time="010336">SelectLayerByLocation BRASIL INTERSECT DIVISAO_ESTADUAL_ESTENDIDA # NEW_SELECTION BRASIL</Process><Process ToolSource="C:\Program Files (x86)\ArcGIS\ArcToolbox\Toolboxes\Data Management Tools.tbx\SelectLayerByLocation" Date="20240219" Time="010358">SelectLayerByLocation BRASIL INTERSECT DIVISAO_ESTADUAL_ESTENDIDA # NEW_SELECTION BRASIL</Process><Process ToolSource="C:\Program Files (x86)\ArcGIS\ArcToolbox\Toolboxes\Data Management Tools.tbx\SelectLayerByLocation" Date="20240219" Time="010736">SelectLayerByLocation BRASIL INTERSECT DIVISAO_ESTADUAL_ESTENDIDA # NEW_SELECTION BRASIL</Process><Process ToolSource="C:\Program Files (x86)\ArcGIS\ArcToolbox\Toolboxes\Data Management Tools.tbx\SelectLayerByLocation" Date="20240219" Time="010758">SelectLayerByLocation BRASIL INTERSECT DIVISAO_ESTADUAL_ESTENDIDA # NEW_SELECTION BRASIL</Process><Process ToolSource="C:\Program Files (x86)\ArcGIS\ArcToolbox\Toolboxes\Data Management Tools.tbx\SelectLayerByLocation" Date="20240219" Time="011023">SelectLayerByLocation BRASIL INTERSECT DIVISAO_ESTADUAL_ESTENDIDA # NEW_SELECTION BRASIL</Process><Process ToolSource="C:\Program Files (x86)\ArcGIS\ArcToolbox\Toolboxes\Data Management Tools.tbx\SelectLayerByLocation" Date="20240219" Time="011123">SelectLayerByLocation BRASIL INTERSECT DIVISAO_ESTADUAL_ESTENDIDA # NEW_SELECTION BRASIL</Process><Process ToolSource="C:\Program Files (x86)\ArcGIS\ArcToolbox\Toolboxes\Data Management Tools.tbx\SelectLayerByLocation" Date="20240219" Time="011153">SelectLayerByLocation BRASIL INTERSECT DIVISAO_ESTADUAL_ESTENDIDA # NEW_SELECTION BRASIL</Process><Process ToolSource="C:\Program Files (x86)\ArcGIS\ArcToolbox\Toolboxes\Data Management Tools.tbx\CopyFeatures" Date="20240219" Time="011155">CopyFeatures BRASIL C:\Projetos\sigmine\dados\RR.shp # 0 0 0</Process></lineage></DataProperties><SyncDate>20240219</SyncDate><SyncTime>01115300</SyncTime><ModDate>20240219</ModDate><ModTime>01115300</ModTime></Esri><idinfo><native Sync="TRUE">Microsoft Windows Vista Version 6.0 (Build 6003) Service Pack 2; ESRI ArcCatalog 9.3.1.4000</native><descript><langdata Sync="TRUE">pt</langdata><abstract>REQUIRED: A brief narrative summary of the data set.</abstract><purpose>REQUIRED: A summary of the intentions with which the data set was developed.</purpose></descript><citation><citeinfo><origin>REQUIRED: The name of an organization or individual that developed the data set.</origin><pubdate>REQUIRED: The date when the data set is published or otherwise made available for release.</pubdate><title Sync="TRUE">RR</title><ftname Sync="TRUE">RR</ftname><geoform Sync="TRUE">vector digital data</geoform><onlink Sync="TRUE">\\SDF122\C$\Projetos\sigmine\dados\RR.shp</onlink></citeinfo></citation><timeperd><current>REQUIRED: The basis on which the time period of content information is determined.</current><timeinfo><sngdate><caldate>REQUIRED: The year (and optionally month, or month and day) for which the data set corresponds to the ground.</caldate></sngdate></timeinfo></timeperd><status><progress>REQUIRED: The state of the data set.</progress><update>REQUIRED: The frequency with which changes and additions are made to the data set after the initial data set is completed.</update></status><spdom><bounding><westbc Sync="TRUE">REQUIRED: Western-most coordinate of the limit of coverage expressed in longitude.</westbc><eastbc Sync="TRUE">REQUIRED: Eastern-most coordinate of the limit of coverage expressed in longitude.</eastbc><northbc Sync="TRUE">REQUIRED: Northern-most coordinate of the limit of coverage expressed in latitude.</northbc><southbc Sync="TRUE">REQUIRED: Southern-most coordinate of the limit of coverage expressed in latitude.</southbc></bounding></spdom><keywords><theme><themekt>REQUIRED: Reference to a formally registered thesaurus or a similar authoritative source of theme keywords.</themekt><themekey>REQUIRED: Common-use word or phrase used to describe the subject of the data set.</themekey></theme></keywords><accconst>REQUIRED: Restrictions and legal prerequisites for accessing the data set.</accconst><useconst>REQUIRED: Restrictions and legal prerequisites for using the data set after access is granted.</useconst><natvform Sync="TRUE">Shapefile</natvform></idinfo><metainfo><langmeta Sync="TRUE">pt</langmeta><metstdn Sync="TRUE">FGDC Content Standards for Digital Geospatial Metadata</metstdn><metstdv Sync="TRUE">FGDC-STD-001-1998</metstdv><mettc Sync="TRUE">local time</mettc><metc><cntinfo><cntorgp><cntper>REQUIRED: The person responsible for the metadata information.</cntper><cntorg>REQUIRED: The organization responsible for the metadata information.</cntorg></cntorgp><cntaddr><addrtype>REQUIRED: The mailing and/or physical address for the organization or individual.</addrtype><city>REQUIRED: The city of the address.</city><state>REQUIRED: The state or province of the address.</state><postal>REQUIRED: The ZIP or other postal code of the address.</postal></cntaddr><cntvoice>REQUIRED: The telephone number by which individuals can speak to the organization or individual.</cntvoice></cntinfo></metc><metd Sync="TRUE">20240219</metd><metextns><onlink Sync="TRUE">http://www.esri.com/metadata/esriprof80.html</onlink><metprof Sync="TRUE">ESRI Metadata Profile</metprof></metextns></metainfo><spdoinfo><direct Sync="TRUE">Vector</direct><ptvctinf><esriterm Name="RR"><efeatyp Sync="TRUE">Simple</efeatyp><efeageom Sync="TRUE">Polygon</efeageom><esritopo Sync="TRUE">FALSE</esritopo><efeacnt Sync="TRUE">0</efeacnt><spindex Sync="TRUE">FALSE</spindex><linrefer Sync="TRUE">TRUE</linrefer></esriterm><sdtsterm Name="RR"><sdtstype Sync="TRUE">G-polygon</sdtstype><ptvctcnt Sync="TRUE">0</ptvctcnt></sdtsterm></ptvctinf></spdoinfo><spref><horizsys><cordsysn><geogcsn Sync="TRUE">GCS_SIRGAS_2000</geogcsn></cordsysn><geograph><geogunit Sync="TRUE">Decimal degrees</geogunit><latres Sync="TRUE">0.000000</latres><longres Sync="TRUE">0.000000</longres></geograph><geodetic><horizdn Sync="TRUE">D_SIRGAS_2000</horizdn><ellips Sync="TRUE">Geodetic Reference System 80</ellips><semiaxis Sync="TRUE">6378137.000000</semiaxis><denflat Sync="TRUE">298.257222</denflat></geodetic></horizsys><vertdef><altsys><altenc Sync="TRUE">Explicit elevation coordinate included with horizontal coordinates</altenc><altres Sync="TRUE">0.000100</altres></altsys></vertdef></spref><eainfo><detailed Name="RR"><enttyp><enttypl Sync="TRUE">RR</enttypl><enttypt Sync="TRUE">Feature Class</enttypt><enttypc Sync="TRUE">0</enttypc></enttyp><attr><attrlabl Sync="TRUE">FID</attrlabl><attalias Sync="TRUE">FID</attalias><attrtype Sync="TRUE">OID</attrtype><attwidth Sync="TRUE">4</attwidth><atprecis Sync="TRUE">0</atprecis><attscale Sync="TRUE">0</attscale><attrdef Sync="TRUE">Internal feature number.</attrdef><attrdefs Sync="TRUE">ESRI</attrdefs><attrdomv><udom Sync="TRUE">Sequential unique whole numbers that are automatically generated.</udom></attrdomv></attr><attr><attrlabl Sync="TRUE">Shape</attrlabl><attalias Sync="TRUE">Shape</attalias><attrtype Sync="TRUE">Geometry</attrtype><attwidth Sync="TRUE">0</attwidth><atprecis Sync="TRUE">0</atprecis><attscale Sync="TRUE">0</attscale><attrdef Sync="TRUE">Feature geometry.</attrdef><attrdefs Sync="TRUE">ESRI</attrdefs><attrdomv><udom Sync="TRUE">Coordinates defining the features.</udom></attrdomv></attr><attr><attrlabl Sync="TRUE">PROCESSO</attrlabl><attalias Sync="TRUE">PROCESSO</attalias><attrtype Sync="TRUE">String</attrtype><attwidth Sync="TRUE">11</attwidth></attr><attr><attrlabl Sync="TRUE">NUMERO</attrlabl><attalias Sync="TRUE">NUMERO</attalias><attrtype Sync="TRUE">Number</attrtype><attwidth Sync="TRUE">6</attwidth></attr><attr><attrlabl Sync="TRUE">ANO</attrlabl><attalias Sync="TRUE">ANO</attalias><attrtype Sync="TRUE">Number</attrtype><attwidth Sync="TRUE">4</attwidth></attr><attr><attrlabl Sync="TRUE">AREA_HA</attrlabl><attalias Sync="TRUE">AREA_HA</attalias><attrtype Sync="TRUE">Number</attrtype><attwidth Sync="TRUE">19</attwidth><atnumdec Sync="TRUE">8</atnumdec></attr><attr><attrlabl Sync="TRUE">ID</attrlabl><attalias Sync="TRUE">ID</attalias><attrtype Sync="TRUE">String</attrtype><attwidth Sync="TRUE">38</attwidth></attr><attr><attrlabl Sync="TRUE">FASE</attrlabl><attalias Sync="TRUE">FASE</attalias><attrtype Sync="TRUE">String</attrtype><attwidth Sync="TRUE">40</attwidth></attr><attr><attrlabl Sync="TRUE">ULT_EVENTO</attrlabl><attalias Sync="TRUE">ULT_EVENTO</attalias><attrtype Sync="TRUE">String</attrtype><attwidth Sync="TRUE">90</attwidth></attr><attr><attrlabl Sync="TRUE">NOME</attrlabl><attalias Sync="TRUE">NOME</attalias><attrtype Sync="TRUE">String</attrtype><attwidth Sync="TRUE">120</attwidth></attr><attr><attrlabl Sync="TRUE">SUBS</attrlabl><attalias Sync="TRUE">SUBS</attalias><attrtype Sync="TRUE">String</attrtype><attwidth Sync="TRUE">30</attwidth></attr><attr><attrlabl Sync="TRUE">USO</attrlabl><attalias Sync="TRUE">USO</attalias><attrtype Sync="TRUE">String</attrtype><attwidth Sync="TRUE">30</attwidth></attr><attr><attrlabl Sync="TRUE">UF</attrlabl><attalias Sync="TRUE">UF</attalias><attrtype Sync="TRUE">String</attrtype><attwidth Sync="TRUE">20</attwidth></attr><attr><attrlabl Sync="TRUE">DSProcesso</attrlabl><attalias Sync="TRUE">DSProcesso</attalias><attrtype Sync="TRUE">String</attrtype><attwidth Sync="TRUE">12</attwidth></attr></detailed></eainfo><distinfo><stdorder><digform><digtinfo><transize Sync="TRUE">0,000</transize><dssize Sync="TRUE">0,000</dssize></digtinfo></digform></stdorder></distinfo></metadata>
